YEAR,MONTH,NAME,Disaster Susceptibility Index
2025,1,0.0625,0.7585016557267519
2025,1,0.125,0.7425761229050273
2025,1,0.1875,0.7641403338746031
2025,1,0.25,0.7335393761418165
2025,1,0.3125,0.8314883531440584
2025,1,0.375,0.796826768736249
2025,1,0.4375,0.7465152230307733
2025,1,0.5,0.7610046371061572
2025,1,0.5625,0.8323940506577269
2025,1,0.625,0.833899784253029
2025,1,0.6875,0.8370358282789807
2025,1,0.75,0.8342917254021689
2025,1,0.8125,0.7310684690081669
2025,1,0.875,0.7494933339947527
2025,1,0.9375,0.7608112775166171
2025,1,1.0,0.8301545538752202
2025,2,0.0625,0.5886406295116866
2025,2,0.125,0.5885491487809906
2025,2,0.1875,0.6143986523650065
2025,2,0.25,0.5775120839351049
2025,2,0.3125,0.6977319050117948
2025,2,0.375,0.6553919402914264
2025,2,0.4375,0.5795691433054546
2025,2,0.5,0.5925614173414384
2025,2,0.5625,0.7008172237238455
2025,2,0.625,0.7100182983805207
2025,2,0.6875,0.6855973693844337
2025,2,0.75,0.7078889202896252
2025,2,0.8125,0.5787427798058089
2025,2,0.875,0.5739538755984644
2025,2,0.9375,0.5923749707212786
2025,2,1.0,0.7008779726936578
2025,3,0.0625,0.5870793661379641
2025,3,0.125,0.569850884650559
2025,3,0.1875,0.587565271483008
2025,3,0.25,0.5822347111176536
2025,3,0.3125,0.655178046456122
2025,3,0.375,0.6318628415963832
2025,3,0.4375,0.5789264918584532
2025,3,0.5,0.5878675824682831
2025,3,0.5625,0.6614117107902762
2025,3,0.625,0.6454662210985637
2025,3,0.6875,0.6450832504982855
2025,3,0.75,0.6444854476072468
2025,3,0.8125,0.5505324803558154
2025,3,0.875,0.5773936565616619
2025,3,0.9375,0.5876603788922932
2025,3,1.0,0.6591833249367609
2025,4,0.0625,0.5602892318914667
2025,4,0.125,0.5064916716065465
2025,4,0.1875,0.5628745846581792
2025,4,0.25,0.5121059507428016
2025,4,0.3125,0.6362400241558246
2025,4,0.375,0.5921254331448041
2025,4,0.4375,0.5580517425083886
2025,4,0.5,0.560925828870567
2025,4,0.5625,0.6267981707820273
2025,4,0.625,0.6091062728069354
2025,4,0.6875,0.5996445636123858
2025,4,0.75,0.6444586249891724
2025,4,0.8125,0.4990896235227277
2025,4,0.875,0.5521960940815334
2025,4,0.9375,0.560718625294577
2025,4,1.0,0.6270852951699042
2025,5,0.0625,0.5438123388768725
2025,5,0.125,0.5447944370275696
2025,5,0.1875,0.4469609732609603
2025,5,0.25,0.5516550746636673
2025,5,0.3125,0.4711180757172962
2025,5,0.375,0.5547301452408729
2025,5,0.4375,0.5977894151176134
2025,5,0.5,0.5455449399890406
2025,5,0.5625,0.4767324516196624
2025,5,0.625,0.45465893779533906
2025,5,0.6875,0.47476617836225776
2025,5,0.75,0.47148798600459085
2025,5,0.8125,0.5656569688548624
2025,5,0.875,0.5986353354849953
2025,5,0.9375,0.5452212447656923
2025,5,1.0,0.5580372150840774
2025,6,0.0625,0.4354684198962172
2025,6,0.125,0.39672176674666926
2025,6,0.1875,0.4325927629825959
2025,6,0.25,0.41347943187536873
2025,6,0.3125,0.3885132091127612
2025,6,0.375,0.43363307230637427
2025,6,0.4375,0.44614093551871525
2025,6,0.5,0.43696214704274017
2025,6,0.5625,0.4045354118583239
2025,6,0.625,0.39085380238834616
2025,6,0.6875,0.42386160307123216
2025,6,0.75,0.38603508313372786
2025,6,0.8125,0.404481187686302
2025,6,0.875,0.44574321538712075
2025,6,0.9375,0.43663845181939187
2025,6,1.0,0.4796783833101465
2025,7,0.0625,0.48339943104323396
2025,7,0.125,0.42084277937432935
2025,7,0.1875,0.4995364826331451
2025,7,0.25,0.4106944405694258
2025,7,0.3125,0.5328555103228456
2025,7,0.375,0.4712306683318732
2025,7,0.4375,0.46807611741842525
2025,7,0.5,0.472661743413162
2025,7,0.5625,0.5337355725316792
2025,7,0.625,0.5420197464109232
2025,7,0.6875,0.5357181849716944
2025,7,0.75,0.5470273438550872
2025,7,0.8125,0.416096436112899
2025,7,0.875,0.46122172852712534
2025,7,0.9375,0.47254458083683637
2025,7,1.0,0.534631145291302
2025,8,0.0625,0.4315323920601713
2025,8,0.125,0.4258179403224897
2025,8,0.1875,0.41017222364457673
2025,8,0.25,0.4307825787733042
2025,8,0.3125,0.4789907213788141
2025,8,0.375,0.4767570686866406
2025,8,0.4375,0.4355208089535274
2025,8,0.5,0.4249236071893653
2025,8,0.5625,0.49474841558039734
2025,8,0.625,0.4733843442547806
2025,8,0.6875,0.4793516725275023
2025,8,0.75,0.4763528673333288
2025,8,0.8125,0.4166688695906593
2025,8,0.875,0.42087590343887316
2025,8,0.9375,0.42465530794790907
2025,8,1.0,0.5016553470305384
2025,9,0.0625,0.42731952886119456
2025,9,0.125,0.4296567720116389
2025,9,0.1875,0.4250109141847875
2025,9,0.25,0.4288422299043983
2025,9,0.3125,0.49668401999453704
2025,9,0.375,0.48020147735066093
2025,9,0.4375,0.42869362355200974
2025,9,0.5,0.42207367066934093
2025,9,0.5625,0.496978051484251
2025,9,0.625,0.4964428561097098
2025,9,0.6875,0.4815297706670473
2025,9,0.75,0.5176198715912016
2025,9,0.8125,0.4181663194279457
2025,9,0.875,0.4164739725345686
2025,9,0.9375,0.4217513063484968
2025,9,1.0,0.4958032191001128
2025,10,0.0625,0.4653577013854254
2025,10,0.125,0.4632990952719052
2025,10,0.1875,0.44354402430501927
2025,10,0.25,0.44675646730582474
2025,10,0.3125,0.5461049809110701
2025,10,0.375,0.5119262748100888
2025,10,0.4375,0.4711545056333024
2025,10,0.5,0.46697941911176116
2025,10,0.5625,0.5511240516368842
2025,10,0.625,0.535838683130178
2025,10,0.6875,0.5120223050305642
2025,10,0.75,0.5423662115918284
2025,10,0.8125,0.4677286948943604
2025,10,0.875,0.4665505704999887
2025,10,0.9375,0.46687253004459156
2025,10,1.0,0.5431210043242038
2025,11,0.0625,0.7127308677062361
2025,11,0.125,0.6390656965140977
2025,11,0.1875,0.6617658523361201
2025,11,0.25,0.6449092206568606
2025,11,0.3125,0.7211488402839783
2025,11,0.375,0.6867359242898662
2025,11,0.4375,0.7210300738453648
2025,11,0.5,0.7095172659686181
2025,11,0.5625,0.7134308428438647
2025,11,0.625,0.7036358594465704
2025,11,0.6875,0.6825806636750881
2025,11,0.75,0.7129913163930536
2025,11,0.8125,0.6060205959792768
2025,11,0.875,0.7074015516900282
2025,11,0.9375,0.7095131247175896
2025,11,1.0,0.6674606872529056
2025,12,0.0625,0.6728400857041494
2025,12,0.125,0.6359238838051415
2025,12,0.1875,0.6437016723573886
2025,12,0.25,0.6425366887120907
2025,12,0.3125,0.6704993559083325
2025,12,0.375,0.6815836087271343
2025,12,0.4375,0.683633085410597
2025,12,0.5,0.6732504651926061
2025,12,0.5625,0.6824671181373883
2025,12,0.625,0.6882757703012738
2025,12,0.6875,0.685096494643748
2025,12,0.75,0.6746021229677981
2025,12,0.8125,0.6316244145135474
2025,12,0.875,0.6711369003665317
2025,12,0.9375,0.6728200265526967
2025,12,1.0,0.6858744496581779
2026,1,0.0625,0.6188583899175832
2026,1,0.125,0.5754296327644316
2026,1,0.1875,0.583743931303966
2026,1,0.25,0.5794809814644171
2026,1,0.3125,0.6085380028474199
2026,1,0.375,0.6189128911953262
2026,1,0.4375,0.6239545183750344
2026,1,0.5,0.62098813123587
2026,1,0.5625,0.6256989673839898
2026,1,0.625,0.6443575769736698
2026,1,0.6875,0.6310714558993382
2026,1,0.75,0.623596075613964
2026,1,0.8125,0.5709651682219673
2026,1,0.875,0.6178652309707132
2026,1,0.9375,0.6204513723547092
2026,1,1.0,0.6331723884048812
2026,2,0.0625,0.4916188120720179
2026,2,0.125,0.4688231637558006
2026,2,0.1875,0.45151092210779004
2026,2,0.25,0.4693829530134521
2026,2,0.3125,0.5077541002515437
2026,2,0.375,0.4893254258139139
2026,2,0.4375,0.49664452438445705
2026,2,0.5,0.4923255212555733
2026,2,0.5625,0.51730338821426
2026,2,0.625,0.5185477242611637
2026,2,0.6875,0.4951564214318446
2026,2,0.75,0.5153115973951389
2026,2,0.8125,0.4486166213117666
2026,2,0.875,0.48809899546244506
2026,2,0.9375,0.49156186302786903
2026,2,1.0,0.5102772278078789
2026,3,0.0625,0.4390288442568492
2026,3,0.125,0.4120611653975853
2026,3,0.1875,0.4034157152316827
2026,3,0.25,0.41456055082561394
2026,3,0.3125,0.4886924132316377
2026,3,0.375,0.4453516083991297
2026,3,0.4375,0.4429726655560419
2026,3,0.5,0.4400031430646235
2026,3,0.5625,0.4985459854483426
2026,3,0.625,0.4957753666516686
2026,3,0.6875,0.453687956670884
2026,3,0.75,0.4906247025481543
2026,3,0.8125,0.3847391826108603
2026,3,0.875,0.43747711344382073
2026,3,0.9375,0.43999915174869275
2026,3,1.0,0.45797059704376764
2026,4,0.0625,0.4871227234739031
2026,4,0.125,0.46224273087537804
2026,4,0.1875,0.46663561202569914
2026,4,0.25,0.46275673422611224
2026,4,0.3125,0.49723309865678994
2026,4,0.375,0.5002574285771562
2026,4,0.4375,0.49105103968372144
2026,4,0.5,0.49190508611006334
2026,4,0.5625,0.5143990843257327
2026,4,0.625,0.5153395304633152
2026,4,0.6875,0.5014435669351813
2026,4,0.75,0.5013627495004739
2026,4,0.8125,0.43335504020031235
2026,4,0.875,0.4873267335703354
2026,4,0.9375,0.49174896522056427
2026,4,1.0,0.500238123217419
2026,5,0.0625,0.4563188400239394
2026,5,0.125,0.38194597238308625
2026,5,0.1875,0.3891490152297371
2026,5,0.25,0.39199581323590216
2026,5,0.3125,0.4133680877297229
2026,5,0.375,0.42718213784101816
2026,5,0.4375,0.4303817789995118
2026,5,0.5,0.43139586171337807
2026,5,0.5625,0.4189285318554042
2026,5,0.625,0.4197757968907583
2026,5,0.6875,0.4358319063994678
2026,5,0.75,0.413305676786878
2026,5,0.8125,0.36922084720114856
2026,5,0.875,0.4289903722295458
2026,5,0.9375,0.4311154738802322
2026,5,1.0,0.4312888269055217
2026,6,0.0625,0.3783070399487675
2026,6,0.125,0.2930791613040641
2026,6,0.1875,0.3304317747761169
2026,6,0.25,0.31857711427275615
2026,6,0.3125,0.34232732838085805
2026,6,0.375,0.3707909118483376
2026,6,0.4375,0.3735602075943715
2026,6,0.5,0.3703036907354508
2026,6,0.5625,0.3575188913829783
2026,6,0.625,0.3646562156369149
2026,6,0.6875,0.3786075701248477
2026,6,0.75,0.3520902339469227
2026,6,0.8125,0.30547414453291233
2026,6,0.875,0.3716369873085954
2026,6,0.9375,0.36988996447236466
2026,6,1.0,0.3736808193208408
2026,7,0.0625,0.5534846173807468
2026,7,0.125,0.5232815046869157
2026,7,0.1875,0.5165801607894687
2026,7,0.25,0.518280012738888
2026,7,0.3125,0.5644908714743126
2026,7,0.375,0.549084757854324
2026,7,0.4375,0.5693447896014971
2026,7,0.5,0.5584586620019883
2026,7,0.5625,0.5633365857244775
2026,7,0.625,0.5730661173476268
2026,7,0.6875,0.552768461703648
2026,7,0.75,0.5647025364805023
2026,7,0.8125,0.520817475996658
2026,7,0.875,0.5547579823990426
2026,7,0.9375,0.5582901337194662
2026,7,1.0,0.5728474660280413
2026,8,0.0625,0.5626293492568439
2026,8,0.125,0.5356037752747228
2026,8,0.1875,0.5441374141436417
2026,8,0.25,0.5367908822685166
2026,8,0.3125,0.573801770825916
2026,8,0.375,0.5640196799843041
2026,8,0.4375,0.5709603389083548
2026,8,0.5,0.5600802202256348
2026,8,0.5625,0.5999127463595126
2026,8,0.625,0.6060670387164693
2026,8,0.6875,0.587273584660832
2026,8,0.75,0.6009725169497417
2026,8,0.8125,0.5427783490976363
2026,8,0.875,0.5575955031687108
2026,8,0.9375,0.559976131003832
2026,8,1.0,0.60611109765427
2026,9,0.0625,0.571399680870849
2026,9,0.125,0.5497739236489992
2026,9,0.1875,0.5580216660035227
2026,9,0.25,0.5527748814600901
2026,9,0.3125,0.6187090785135879
2026,9,0.375,0.5766661880049142
2026,9,0.4375,0.6057034809410058
2026,9,0.5,0.5753694343867706
2026,9,0.5625,0.6200728677094096
2026,9,0.625,0.6169338511644453
2026,9,0.6875,0.6153229559878365
2026,9,0.75,0.6253117141839982
2026,9,0.8125,0.537661855612267
2026,9,0.875,0.5718372194417365
2026,9,0.9375,0.5751576942400318
2026,9,1.0,0.6108602196886481
2026,10,0.0625,0.6464668121027617
2026,10,0.125,0.6416714361264121
2026,10,0.1875,0.6502848296215293
2026,10,0.25,0.6400507591085864
2026,10,0.3125,0.7207588765992863
2026,10,0.375,0.6616259936437325
2026,10,0.4375,0.7022711656751234
2026,10,0.5,0.6497287523439608
2026,10,0.5625,0.7212761293388865
2026,10,0.625,0.7267550124415666
2026,10,0.6875,0.7004364829842078
2026,10,0.75,0.7272734141551306
2026,10,0.8125,0.6301995707010349
2026,10,0.875,0.6491962345576574
2026,10,0.9375,0.6495215487679709
2026,10,1.0,0.712441798997002
2026,11,0.0625,0.7090729148828527
2026,11,0.125,0.6438708668169537
2026,11,0.1875,0.6598048986475662
2026,11,0.25,0.6490472997686613
2026,11,0.3125,0.6972580295795988
2026,11,0.375,0.6691854209188686
2026,11,0.4375,0.7118903130516021
2026,11,0.5,0.672426647773523
2026,11,0.5625,0.6943245185424725
2026,11,0.625,0.6962266429979213
2026,11,0.6875,0.7105448763135859
2026,11,0.75,0.7020748571040794
2026,11,0.8125,0.6364150656357472
2026,11,0.875,0.6703693638875035
2026,11,0.9375,0.672318225703314
2026,11,1.0,0.7080094072253289
2026,12,0.0625,0.6454720865301056
2026,12,0.125,0.5869412287343077
2026,12,0.1875,0.5815187835885476
2026,12,0.25,0.5886322862588712
2026,12,0.3125,0.6417696783389505
2026,12,0.375,0.6056799060643939
2026,12,0.4375,0.6502984141052449
2026,12,0.5,0.5959686582120184
2026,12,0.5625,0.6508072164500895
2026,12,0.625,0.6482455325184237
2026,12,0.6875,0.6447291742990835
2026,12,0.75,0.6467550043306709
2026,12,0.8125,0.5612231046517987
2026,12,0.875,0.5968828161471824
2026,12,0.9375,0.5957036011436185
2026,12,1.0,0.6528807064388635
2027,1,0.0625,0.6007493562654733
2027,1,0.125,0.5598202111269369
2027,1,0.1875,0.5528538476427868
2027,1,0.25,0.568631572600671
2027,1,0.3125,0.6053888337421021
2027,1,0.375,0.5700276956558596
2027,1,0.4375,0.6158848163639307
2027,1,0.5,0.5661232977469877
2027,1,0.5625,0.6167103321452208
2027,1,0.625,0.6168064719856299
2027,1,0.6875,0.6048059833373669
2027,1,0.75,0.6076573119991006
2027,1,0.8125,0.5380943444344191
2027,1,0.875,0.5638577310361461
2027,1,0.9375,0.566020116364156
2027,1,1.0,0.6194678075622537
2027,2,0.0625,0.48920750855478007
2027,2,0.125,0.4555514919246803
2027,2,0.1875,0.45798021205905626
2027,2,0.25,0.4639685198843392
2027,2,0.3125,0.49644219652239785
2027,2,0.375,0.4583761668316839
2027,2,0.4375,0.49912470160950895
2027,2,0.5,0.45977769772687016
2027,2,0.5625,0.5059819897346809
2027,2,0.625,0.5075891388197719
2027,2,0.6875,0.49497297674165197
2027,2,0.75,0.49613114867903985
2027,2,0.8125,0.44070005628052544
2027,2,0.875,0.45560739856423926
2027,2,0.9375,0.4595185937860467
2027,2,1.0,0.5130810500742976
2027,3,0.0625,0.47589999850291453
2027,3,0.125,0.45928540604986406
2027,3,0.1875,0.4391819727272008
2027,3,0.25,0.4605521349909728
2027,3,0.3125,0.4957940729113846
2027,3,0.375,0.44322878141593897
2027,3,0.4375,0.4940251331838387
2027,3,0.5,0.44008287975489924
2027,3,0.5625,0.501921693885797
2027,3,0.625,0.502449250946063
2027,3,0.6875,0.4899468668285673
2027,3,0.75,0.4954842743118224
2027,3,0.8125,0.44433355354550014
2027,3,0.875,0.4379559598639835
2027,3,0.9375,0.4398756761789092
2027,3,1.0,0.5045723004335073
2027,4,0.0625,0.4114942643781633
2027,4,0.125,0.3594464805375901
2027,4,0.1875,0.3772700070452017
2027,4,0.25,0.36315921489349223
2027,4,0.3125,0.40272838584015247
2027,4,0.375,0.37597550352065484
2027,4,0.4375,0.42381150977966897
2027,4,0.5,0.3798432025503696
2027,4,0.5625,0.41284458323685497
2027,4,0.625,0.4128094847820089
2027,4,0.6875,0.4280060801978543
2027,4,0.75,0.4033146174166031
2027,4,0.8125,0.3923531678363561
2027,4,0.875,0.3953708060918619
2027,4,0.9375,0.37958960279452086
2027,4,1.0,0.4164074126467125
2027,5,0.0625,0.37466451897863523
2027,5,0.125,0.2956319463818811
2027,5,0.1875,0.3309692115102755
2027,5,0.25,0.2978653482631997
2027,5,0.3125,0.34191122965599685
2027,5,0.375,0.35131534025888367
2027,5,0.4375,0.377298735089948
2027,5,0.5,0.3505156827355559
2027,5,0.5625,0.35257323370684523
2027,5,0.625,0.3528839770349586
2027,5,0.6875,0.38010819314409106
2027,5,0.75,0.34638753691930696
2027,5,0.8125,0.35022071964617457
2027,5,0.875,0.36166365894085495
2027,5,0.9375,0.35030624101631047
2027,5,1.0,0.3525144970329362
2027,6,0.0625,0.33430273024798507
2027,6,0.125,0.27912364205991436
2027,6,0.1875,0.2792173123582933
2027,6,0.25,0.2803542146265891
2027,6,0.3125,0.3272236729013787
2027,6,0.375,0.2841859149630664
2027,6,0.4375,0.3380947328977391
2027,6,0.5,0.2917867046088393
2027,6,0.5625,0.33608005024473
2027,6,0.625,0.3361691857594318
2027,6,0.6875,0.33652608107466464
2027,6,0.75,0.3270954750880986
2027,6,0.8125,0.274453798097001
2027,6,0.875,0.2894584005117499
2027,6,0.9375,0.2917334634971457
2027,6,1.0,0.34114614148579686
2027,7,0.0625,0.5473921065977345
2027,7,0.125,0.4701254666918034
2027,7,0.1875,0.5065924093657579
2027,7,0.25,0.47341735989999006
2027,7,0.3125,0.5430984583250912
2027,7,0.375,0.5113002865834683
2027,7,0.4375,0.5574978640868534
2027,7,0.5,0.5129038623965021
2027,7,0.5625,0.5621720496146385
2027,7,0.625,0.559349522196888
2027,7,0.6875,0.5441437833898661
2027,7,0.75,0.5448483388371282
2027,7,0.8125,0.4696225511816078
2027,7,0.875,0.5115390432531216
2027,7,0.9375,0.5136414827169988
2027,7,1.0,0.5572951223330951
2027,8,0.0625,0.5709943473031889
2027,8,0.125,0.5593119164829417
2027,8,0.1875,0.5620235672789298
2027,8,0.25,0.5550372644633127
2027,8,0.3125,0.5905410150595175
2027,8,0.375,0.557857447537311
2027,8,0.4375,0.6016033123931195
2027,8,0.5,0.5598235470370518
2027,8,0.5625,0.6157059731262615
2027,8,0.625,0.6187166637266248
2027,8,0.6875,0.5823936517801146
2027,8,0.75,0.5994154218911375
2027,8,0.8125,0.5478020503307617
2027,8,0.875,0.5552881022875021
2027,8,0.9375,0.56005443931393
2027,8,1.0,0.6164297549331107
2027,9,0.0625,0.6581044094464946
2027,9,0.125,0.6528912209224396
2027,9,0.1875,0.6270868461182304
2027,9,0.25,0.6570794248676626
2027,9,0.3125,0.686894558758578
2027,9,0.375,0.6351798834093999
2027,9,0.4375,0.7207202607503843
2027,9,0.5,0.6017262884648288
2027,9,0.5625,0.7134557343217405
2027,9,0.625,0.7160167408853442
2027,9,0.6875,0.6424988364663162
2027,9,0.75,0.7083975772266516
2027,9,0.8125,0.5508865794903854
2027,9,0.875,0.5572509833288599
2027,9,0.9375,0.600807763441953
2027,9,1.0,0.7126438780994913
2027,10,0.0625,0.6987966886604358
2027,10,0.125,0.6714102900287824
2027,10,0.1875,0.6882881949590067
2027,10,0.25,0.6671931625980556
2027,10,0.3125,0.7159819091559648
2027,10,0.375,0.6853569526028116
2027,10,0.4375,0.7447949700929827
2027,10,0.5,0.6734447336247992
2027,10,0.5625,0.7449216947491815
2027,10,0.625,0.7449370150505015
2027,10,0.6875,0.7008219612441117
2027,10,0.75,0.7538459840569066
2027,10,0.8125,0.6467761050204073
2027,10,0.875,0.6582366216932399
2027,10,0.9375,0.6735564040424104
2027,10,1.0,0.742164347818119
2027,11,0.0625,0.6587866275243823
2027,11,0.125,0.68023522971546
2027,11,0.1875,0.6571016080007676
2027,11,0.25,0.6810056391357696
2027,11,0.3125,0.7330655249724274
2027,11,0.375,0.6699363896133003
2027,11,0.4375,0.7249260711666479
2027,11,0.5,0.6538405422215184
2027,11,0.5625,0.74658889257137
2027,11,0.625,0.7468827622871637
2027,11,0.6875,0.7053193037885486
2027,11,0.75,0.7409147905694251
2027,11,0.8125,0.6357925214681786
2027,11,0.875,0.6464189722501197
2027,11,0.9375,0.6537169831358152
2027,11,1.0,0.7380754291229636
2027,12,0.0625,0.59402861230006
2027,12,0.125,0.5954458100637245
2027,12,0.1875,0.5769783602133136
2027,12,0.25,0.6011486378988595
2027,12,0.3125,0.6343944981674714
2027,12,0.375,0.5820798276075494
2027,12,0.4375,0.6583048302639932
2027,12,0.5,0.5707028918288292
2027,12,0.5625,0.6466740379293017
2027,12,0.625,0.6478013991505325
2027,12,0.6875,0.6484063922326326
2027,12,0.75,0.6367281031293093
2027,12,0.8125,0.5613161899366281
2027,12,0.875,0.576088202015899
2027,12,0.9375,0.5701980200493415
2027,12,1.0,0.6693546661405366
2028,1,0.0625,0.5615928945402253
2028,1,0.125,0.5617648830322163
2028,1,0.1875,0.5538006214892053
2028,1,0.25,0.5639789913913479
2028,1,0.3125,0.5917289316408662
2028,1,0.375,0.5525448887263088
2028,1,0.4375,0.6039348024280419
2028,1,0.5,0.5530346370691022
2028,1,0.5625,0.5996345252692175
2028,1,0.625,0.6004624883695537
2028,1,0.6875,0.5984904218186686
2028,1,0.75,0.5947018658457122
2028,1,0.8125,0.5379603845275888
2028,1,0.875,0.5524013649760376
2028,1,0.9375,0.5535731744769578
2028,1,1.0,0.6096139367824043
2028,2,0.0625,0.49999666941923
2028,2,0.125,0.5136003751559588
2028,2,0.1875,0.49481220628849826
2028,2,0.25,0.5144964177702753
2028,2,0.3125,0.5374524125837267
2028,2,0.375,0.4979681181798232
2028,2,0.4375,0.5465646342566155
2028,2,0.5,0.49353329560044457
2028,2,0.5625,0.5449788102368542
2028,2,0.625,0.5451583337853273
2028,2,0.6875,0.5368927971956543
2028,2,0.75,0.5444571914540894
2028,2,0.8125,0.45129312500810315
2028,2,0.875,0.451164294547866
2028,2,0.9375,0.492860977464556
2028,2,1.0,0.5502313518921602
2028,3,0.0625,0.35770125554897625
2028,3,0.125,0.3706070468774934
2028,3,0.1875,0.35242544385428043
2028,3,0.25,0.374507015984538
2028,3,0.3125,0.4168938438097023
2028,3,0.375,0.3557800492631024
2028,3,0.4375,0.4157581381068482
2028,3,0.5,0.4032244238747196
2028,3,0.5625,0.4168606812320176
2028,3,0.625,0.4165474159624676
2028,3,0.6875,0.4611177537403104
2028,3,0.75,0.4218454361478159
2028,3,0.8125,0.4426911362080925
2028,3,0.875,0.44260784883100135
2028,3,0.9375,0.4042115897571685
2028,3,1.0,0.41353495302655724
2028,4,0.0625,0.281070114178053
2028,4,0.125,0.2820875563314711
2028,4,0.1875,0.270970615259113
2028,4,0.25,0.2844589697743966
2028,4,0.3125,0.34169111288708987
2028,4,0.375,0.26780260090876984
2028,4,0.4375,0.34096798703631137
2028,4,0.5,0.34842613414599655
2028,4,0.5625,0.3458584147066225
2028,4,0.625,0.346893274131469
2028,4,0.6875,0.3982106823585727
2028,4,0.75,0.358838368773097
2028,4,0.8125,0.3503035699773778
2028,4,0.875,0.3565209509828207
2028,4,0.9375,0.3470304861137824
2028,4,1.0,0.3447602287456374
2028,5,0.0625,0.26887540096460866
2028,5,0.125,0.278890970696462
2028,5,0.1875,0.27084025835045694
2028,5,0.25,0.27971691231188817
2028,5,0.3125,0.32137332937186497
2028,5,0.375,0.26126606522247203
2028,5,0.4375,0.32086660181581156
2028,5,0.5,0.2828394128687724
2028,5,0.5625,0.3270486005529658
2028,5,0.625,0.32665797689944204
2028,5,0.6875,0.3396371783250887
2028,5,0.75,0.3213146892531482
2028,5,0.8125,0.2848134913879691
2028,5,0.875,0.27574655287257677
2028,5,0.9375,0.2826091315140148
2028,5,1.0,0.3241421922665011
2028,6,0.0625,0.25303554373628256
2028,6,0.125,0.2710365255436415
2028,6,0.1875,0.2562280131396814
2028,6,0.25,0.27344366602333814
2028,6,0.3125,0.3199953933141602
2028,6,0.375,0.24003168734994484
2028,6,0.4375,0.30104947147491556
2028,6,0.5,0.2649427254061712
2028,6,0.5625,0.3191741031168894
2028,6,0.625,0.32024147150127213
2028,6,0.6875,0.32323957297195394
2028,6,0.75,0.31923809055408237
2028,6,0.8125,0.2612485877375837
2028,6,0.875,0.262195082550578
2028,6,0.9375,0.26414171093600336
2028,6,1.0,0.3199606612155636
2028,7,0.0625,0.4977402483528072
2028,7,0.125,0.4923909989996008
2028,7,0.1875,0.49825442474617854
2028,7,0.25,0.4918307974582395
2028,7,0.3125,0.5438487979807171
2028,7,0.375,0.49713397433017703
2028,7,0.4375,0.535973967858168
2028,7,0.5,0.5066091233001309
2028,7,0.5625,0.5423227144486724
2028,7,0.625,0.5438658292379025
2028,7,0.6875,0.5384289622238067
2028,7,0.75,0.5392565876060033
2028,7,0.8125,0.4569577581276433
2028,7,0.875,0.502625646704735
2028,7,0.9375,0.5059827247066354
2028,7,1.0,0.5410003965895193
2028,8,0.0625,0.6505231591522407
2028,8,0.125,0.6382533637425992
2028,8,0.1875,0.6549135902619689
2028,8,0.25,0.6330686819887699
2028,8,0.3125,0.6679591290794299
2028,8,0.375,0.6476113154582498
2028,8,0.4375,0.7151432877573429
2028,8,0.5,0.564029391269358
2028,8,0.5625,0.7196381046024658
2028,8,0.625,0.7210137909438332
2028,8,0.6875,0.5941410363413988
2028,8,0.75,0.7057334831057525
2028,8,0.8125,0.5523689302558272
2028,8,0.875,0.5636477046051035
2028,8,0.9375,0.5635524695725522
2028,8,1.0,0.7190950452812794
2028,9,0.0625,0.6616599020363858
2028,9,0.125,0.63046102745011
2028,9,0.1875,0.6675391135550247
2028,9,0.25,0.6350690860715402
2028,9,0.3125,0.667200246268024
2028,9,0.375,0.6470338889954921
2028,9,0.4375,0.7077999454681949
2028,9,0.5,0.6706155744444331
2028,9,0.5625,0.7107022735425566
2028,9,0.625,0.7105491709756295
2028,9,0.6875,0.6983529925402794
2028,9,0.75,0.7063251960370777
2028,9,0.8125,0.6405020102974555
2028,9,0.875,0.6634599137589101
2028,9,0.9375,0.6692819592337884
2028,9,1.0,0.7072472556865611
2028,10,0.0625,0.7011447390223075
2028,10,0.125,0.7000618854033729
2028,10,0.1875,0.6912024098765795
2028,10,0.25,0.7011296435656807
2028,10,0.3125,0.725938354947036
2028,10,0.375,0.7090886573908568
2028,10,0.4375,0.7729076405255726
2028,10,0.5,0.6751364894898334
2028,10,0.5625,0.7677337454931045
2028,10,0.625,0.7694845791152617
2028,10,0.6875,0.7262895878390119
2028,10,0.75,0.7739168009694316
2028,10,0.8125,0.6495699075924934
2028,10,0.875,0.67767898319675
2028,10,0.9375,0.6757003711490566
2028,10,1.0,0.7663871044759685
2028,11,0.0625,0.6814733348849655
2028,11,0.125,0.6783062367583865
2028,11,0.1875,0.6833364042832082
2028,11,0.25,0.6756613273000944
2028,11,0.3125,0.7185766742148082
2028,11,0.375,0.6781337223084782
2028,11,0.4375,0.7322635340642255
2028,11,0.5,0.6820318776971293
2028,11,0.5625,0.728109754074615
2028,11,0.625,0.7284837492147109
2028,11,0.6875,0.7357654015184406
2028,11,0.75,0.7277222070487334
2028,11,0.8125,0.6664184552006511
2028,11,0.875,0.6813575077311698
2028,11,0.9375,0.6822758351576697
2028,11,1.0,0.7283352109737687
2028,12,0.0625,0.5326326147883712
2028,12,0.125,0.5492111567261097
2028,12,0.1875,0.5349533741281549
2028,12,0.25,0.5507149902092935
2028,12,0.3125,0.5944696524219215
2028,12,0.375,0.5293375479676187
2028,12,0.4375,0.5978931854761886
2028,12,0.5,0.588596456615345
2028,12,0.5625,0.5939092201155345
2028,12,0.625,0.5966285904813109
2028,12,0.6875,0.6557884626614008
2028,12,0.75,0.5916835778931809
2028,12,0.8125,0.5753859559389457
2028,12,0.875,0.5821499894579015
2028,12,0.9375,0.5891375350644856
2028,12,1.0,0.6015689660601826
2029,1,0.0625,0.5428574998192885
2029,1,0.125,0.5579338841173173
2029,1,0.1875,0.5475264461875117
2029,1,0.25,0.5600144143648714
2029,1,0.3125,0.5891525967980551
2029,1,0.375,0.5452959592731446
2029,1,0.4375,0.5972336539985904
2029,1,0.5,0.5615156186432575
2029,1,0.5625,0.5957344000896928
2029,1,0.625,0.5968333963472638
2029,1,0.6875,0.6008444207398231
2029,1,0.75,0.5892536907589832
2029,1,0.8125,0.5437276727518667
2029,1,0.875,0.5528337666644725
2029,1,0.9375,0.5601140245880927
2029,1,1.0,0.6071143912170127
2029,2,0.0625,0.36239111583714384
2029,2,0.125,0.37910701390649965
2029,2,0.1875,0.3707634604913399
2029,2,0.25,0.3862514026470948
2029,2,0.3125,0.4020095409905036
2029,2,0.375,0.3662006257536
2029,2,0.4375,0.41448511797355203
2029,2,0.5,0.5016844851076759
2029,2,0.5625,0.41198380621184016
2029,2,0.625,0.41331488944070033
2029,2,0.6875,0.5390620349676798
2029,2,0.75,0.4094097828850354
2029,2,0.8125,0.4943607042080918
2029,2,0.875,0.50024083242271
2029,2,0.9375,0.5006416167189356
2029,2,1.0,0.4152633437984806
2029,3,0.0625,0.2946226568412969
2029,3,0.125,0.3065554379358366
2029,3,0.1875,0.2985530154928636
2029,3,0.25,0.3107070629472957
2029,3,0.3125,0.3194048283016958
2029,3,0.375,0.294605151810321
2029,3,0.4375,0.3192987661699227
2029,3,0.5,0.36241026281312705
2029,3,0.5625,0.3224057606281485
2029,3,0.625,0.3204539074986195
2029,3,0.6875,0.4149634036770187
2029,3,0.75,0.3324843702768592
2029,3,0.8125,0.36118197178409306
2029,3,0.875,0.36503827985089304
2029,3,0.9375,0.3614050779687105
2029,3,1.0,0.32213942235008386
2029,4,0.0625,0.2504173542356509
2029,4,0.125,0.25917666750935725
2029,4,0.1875,0.24463886952864367
2029,4,0.25,0.26499810189350886
2029,4,0.3125,0.28458839787148854
2029,4,0.375,0.2493188361405953
2029,4,0.4375,0.3157267351966918
2029,4,0.5,0.26963426251336736
2029,4,0.5625,0.3161205545921339
2029,4,0.625,0.31601405065618343
2029,4,0.6875,0.3374805056453101
2029,4,0.75,0.31277735524116357
2029,4,0.8125,0.267033996651584
2029,4,0.875,0.27006432572458783
2029,4,0.9375,0.27024169001178494
2029,4,1.0,0.31298916196199983
2029,5,0.0625,0.19489558677459903
2029,5,0.125,0.27919563630816135
2029,5,0.1875,0.20877426175972752
2029,5,0.25,0.2803149220187312
2029,5,0.3125,0.287603897480865
2029,5,0.375,0.208247482807196
2029,5,0.4375,0.3225971598185181
2029,5,0.5,0.25908318147881726
2029,5,0.5625,0.28494490106103465
2029,5,0.625,0.29945079482084885
2029,5,0.6875,0.31712424644407383
2029,5,0.75,0.30959302056814575
2029,5,0.8125,0.26553077306384165
2029,5,0.875,0.2559879950020374
2029,5,0.9375,0.255416654158308
2029,5,1.0,0.2613774797734987
2029,6,0.0625,0.1885612475486372
2029,6,0.125,0.3092290597609037
2029,6,0.1875,0.22627150434579724
2029,6,0.25,0.313160246193492
2029,6,0.3125,0.34502835010669197
2029,6,0.375,0.27177999720909124
2029,6,0.4375,0.3494636749531335
2029,6,0.5,0.25930572321407364
2029,6,0.5625,0.32811948900662025
2029,6,0.625,0.33732074294709985
2029,6,0.6875,0.3096433600969102
2029,6,0.75,0.35824394676012056
2029,6,0.8125,0.2603469958711286
2029,6,0.875,0.2596183098786588
2029,6,0.9375,0.2567174904332845
2029,6,1.0,0.3293556046859951
2029,7,0.0625,0.5560011371923789
2029,7,0.125,0.6167349265551669
2029,7,0.1875,0.5884668846853227
2029,7,0.25,0.6252232786450589
2029,7,0.3125,0.6861262844156859
2029,7,0.375,0.6429761335246189
2029,7,0.4375,0.6689858111678247
2029,7,0.5,0.530459154672718
2029,7,0.5625,0.6714217777062841
2029,7,0.625,0.677967511422696
2029,7,0.6875,0.5385987596367582
2029,7,0.75,0.6879046006659153
2029,7,0.8125,0.4904621890747407
2029,7,0.875,0.5289875938224631
2029,7,0.9375,0.5399764431233968
2029,7,1.0,0.6723559988453921
2029,8,0.0625,0.6503995669364399
2029,8,0.125,0.6460875730014162
2029,8,0.1875,0.6563527826463962
2029,8,0.25,0.6510460333328906
2029,8,0.3125,0.6766289398875879
2029,8,0.375,0.6582164492588757
2029,8,0.4375,0.6843506632336154
2029,8,0.5,0.6591545184142098
2029,8,0.5625,0.6847260430999669
2029,8,0.625,0.6831985462633537
2029,8,0.6875,0.6745621973413106
2029,8,0.75,0.6819480244218008
2029,8,0.8125,0.6234884084640031
2029,8,0.875,0.6479403969193431
2029,8,0.9375,0.6505859421649377
2029,8,1.0,0.6749624538608588
2029,9,0.0625,0.7321813429854895
2029,9,0.125,0.7198166724277237
2029,9,0.1875,0.7188540024551953
2029,9,0.25,0.7199651676899755
2029,9,0.3125,0.7220926027393191
2029,9,0.375,0.7263411246589255
2029,9,0.4375,0.77338804223226
2029,9,0.5,0.6474212388203596
2029,9,0.5625,0.7842069852673798
2029,9,0.625,0.7790210108932977
2029,9,0.6875,0.6622934659902335
2029,9,0.75,0.7338612437410641
2029,9,0.8125,0.6219261730476817
2029,9,0.875,0.6494516619558224
2029,9,0.9375,0.6483818531400616
2029,9,1.0,0.7845694304610191
2029,10,0.0625,0.8182575611666582
2029,10,0.125,0.7009399811193033
2029,10,0.1875,0.7385513418733727
2029,10,0.25,0.705308574296216
2029,10,0.3125,0.6996349975414652
2029,10,0.375,0.7068998956541496
2029,10,0.4375,0.768539613633462
2029,10,0.5,0.7094197897173887
2029,10,0.5625,0.7788856187155806
2029,10,0.625,0.7784405362228883
2029,10,0.6875,0.7277435902138091
2029,10,0.75,0.7077125435399463
2029,10,0.8125,0.6761979821593953
2029,10,0.875,0.7028764858144735
2029,10,0.9375,0.709646512645402
2029,10,1.0,0.7779451962855614
2029,11,0.0625,0.6783230888737198
2029,11,0.125,0.5939686548492158
2029,11,0.1875,0.5685832793564998
2029,11,0.25,0.5952807840360985
2029,11,0.3125,0.5759831917886663
2029,11,0.375,0.5622141409682943
2029,11,0.4375,0.6353648360816273
2029,11,0.5,0.6753291277130169
2029,11,0.5625,0.6386626941811604
2029,11,0.625,0.6389365684145766
2029,11,0.6875,0.6810458471584632
2029,11,0.75,0.5777952617707152
2029,11,0.8125,0.6628652186830428
2029,11,0.875,0.6714007689720157
2029,11,0.9375,0.6769094244090004
2029,11,1.0,0.6359776743285719
2029,12,0.0625,0.6252564521867847
2029,12,0.125,0.5732967949521105
2029,12,0.1875,0.5515796008619142
2029,12,0.25,0.573706162007235
2029,12,0.3125,0.5764557769485823
2029,12,0.375,0.5568517709115737
2029,12,0.4375,0.6199623488508836
2029,12,0.5,0.5292104944638576
2029,12,0.5625,0.6189131557228251
2029,12,0.625,0.6187082149803398
2029,12,0.6875,0.5308810514469356
2029,12,0.75,0.5800246375959202
2029,12,0.8125,0.5361940849178297
2029,12,0.875,0.5290414568326429
2029,12,0.9375,0.5272800795999004
2029,12,1.0,0.619560506769204
2030,1,0.0625,0.43662766307750683
2030,1,0.125,0.41405719314940387
2030,1,0.1875,0.40204531315598724
2030,1,0.25,0.4185627795668638
2030,1,0.3125,0.4074734609664974
2030,1,0.375,0.39944542360875773
2030,1,0.4375,0.4353698702572668
2030,1,0.5,0.5421271851021565
2030,1,0.5625,0.4403143608566592
2030,1,0.625,0.4403033402794139
2030,1,0.6875,0.5496843818548285
2030,1,0.75,0.408038722486929
2030,1,0.8125,0.5479970910282079
2030,1,0.875,0.5448506334118517
2030,1,0.9375,0.5437962822060587
2030,1,1.0,0.4396853236260056
2030,2,0.0625,0.30997843656651336
2030,2,0.125,0.3223131842285565
2030,2,0.1875,0.2740905199504869
2030,2,0.25,0.32392491956845826
2030,2,0.3125,0.2741263570443479
2030,2,0.375,0.27345170908594474
2030,2,0.4375,0.3071745081249963
2030,2,0.5,0.36623596888177523
2030,2,0.5625,0.3127620378544285
2030,2,0.625,0.3086492955126382
2030,2,0.6875,0.37298198774750374
2030,2,0.75,0.2794774574997804
2030,2,0.8125,0.3691934959120107
2030,2,0.875,0.3606208196906625
2030,2,0.9375,0.3640111325932354
2030,2,1.0,0.3132828401880456
2030,3,0.0625,0.27070634468020033
2030,3,0.125,0.25589862967849863
2030,3,0.1875,0.2337359699707952
2030,3,0.25,0.25712914724416097
2030,3,0.3125,0.22778040241050246
2030,3,0.375,0.23138407943376865
2030,3,0.4375,0.2725979285202479
2030,3,0.5,0.2878927842954181
2030,3,0.5625,0.2751370743037438
2030,3,0.625,0.2731162366253701
2030,3,0.6875,0.29984070137058016
2030,3,0.75,0.23822461820702218
2030,3,0.8125,0.29633458661918477
2030,3,0.875,0.28337555690688865
2030,3,0.9375,0.2884104815795486
2030,3,1.0,0.27525265359399853
2030,4,0.0625,0.29139502939883705
2030,4,0.125,0.2524847207461135
2030,4,0.1875,0.2370303178129862
2030,4,0.25,0.25769360705551275
2030,4,0.3125,0.2104671392556906
2030,4,0.375,0.2325036621002758
2030,4,0.4375,0.2900812612597057
2030,4,0.5,0.24697245493273953
2030,4,0.5625,0.28883503311727865
2030,4,0.625,0.2886540373224602
2030,4,0.6875,0.2503760843090032
2030,4,0.75,0.20905075136960294
2030,4,0.8125,0.23951203572581614
2030,4,0.875,0.23940745106489825
2030,4,0.9375,0.24775388598034376
2030,4,1.0,0.28993329512492844
2030,5,0.0625,0.34598981414407404
2030,5,0.125,0.3097473298642953
2030,5,0.1875,0.30686593222720415
2030,5,0.25,0.3111037283905518
2030,5,0.3125,0.29189892305013493
2030,5,0.375,0.29932105042679885
2030,5,0.4375,0.34242922614673194
2030,5,0.5,0.2238469514111251
2030,5,0.5625,0.35072237678178747
2030,5,0.625,0.35227712101272224
2030,5,0.6875,0.259647142663032
2030,5,0.75,0.30458142194118915
2030,5,0.8125,0.26263770726954055
2030,5,0.875,0.23767648942857808
2030,5,0.9375,0.21796625662497923
2030,5,1.0,0.3509194002987494
2030,6,0.0625,0.6507054337232466
2030,6,0.125,0.6283936773955519
2030,6,0.1875,0.6304360941368702
2030,6,0.25,0.6289641922457665
2030,6,0.3125,0.6435971258297788
2030,6,0.375,0.6388176702213035
2030,6,0.4375,0.6721668966616656
2030,6,0.5,0.2812474714318024
2030,6,0.5625,0.6744478818103171
2030,6,0.625,0.667652082959139
2030,6,0.6875,0.29672764525076406
2030,6,0.75,0.6407315909449413
2030,6,0.8125,0.30361695710577113
2030,6,0.875,0.29076562793944155
2030,6,0.9375,0.2813533253695795
2030,6,1.0,0.6715800819320877
2030,7,0.0625,0.709756472415332
2030,7,0.125,0.6534750243110892
2030,7,0.1875,0.7107262958739131
2030,7,0.25,0.6558706010666027
2030,7,0.3125,0.6808722126182538
2030,7,0.375,0.6967555931228954
2030,7,0.4375,0.7245488466503779
2030,7,0.5,0.6400807726959521
2030,7,0.5625,0.7229262999099604
2030,7,0.625,0.7166661100119887
2030,7,0.6875,0.6497306855920774
2030,7,0.75,0.6840683949350632
2030,7,0.8125,0.613140267244709
2030,7,0.875,0.6216325793129684
2030,7,0.9375,0.6284039402931684
2030,7,1.0,0.7233511162278721
2030,8,0.0625,0.7255178040279053
2030,8,0.125,0.7231267680728118
2030,8,0.1875,0.7235468589844699
2030,8,0.25,0.7271334971286334
2030,8,0.3125,0.7261207529722818
2030,8,0.375,0.7231134812290876
2030,8,0.4375,0.7300987360607463
2030,8,0.5,0.667766289392884
2030,8,0.5625,0.7620055978804916
2030,8,0.625,0.7655958885975565
2030,8,0.6875,0.6678482610785814
2030,8,0.75,0.7240797068703094
2030,8,0.8125,0.6308201913077032
2030,8,0.875,0.6623659619185838
2030,8,0.9375,0.6659633054457126
2030,8,1.0,0.7681301243017848
2030,9,0.0625,0.6936979136688307
2030,9,0.125,0.7016507556960467
2030,9,0.1875,0.7047230856468354
2030,9,0.25,0.7058665161112718
2030,9,0.3125,0.7062820232217362
2030,9,0.375,0.7033812563854271
2030,9,0.4375,0.7103780278896836
2030,9,0.5,0.7274345639911083
2030,9,0.5625,0.7575163501902069
2030,9,0.625,0.7578720127291607
2030,9,0.6875,0.7185590292357729
2030,9,0.75,0.706767558619119
2030,9,0.8125,0.6996968209447832
2030,9,0.875,0.7138278322636029
2030,9,0.9375,0.7256121865290056
2030,9,1.0,0.7602841451622009
2030,10,0.0625,0.5712138896596981
2030,10,0.125,0.5843616116431247
2030,10,0.1875,0.5651362303604197
2030,10,0.25,0.5814846946030763
2030,10,0.3125,0.5488622820315676
2030,10,0.375,0.5449598034318781
2030,10,0.4375,0.5886090148557591
2030,10,0.5,0.7021229047557292
2030,10,0.5625,0.6344939174582863
2030,10,0.625,0.6300034567915238
2030,10,0.6875,0.7053180776233472
2030,10,0.75,0.5499317843150153
2030,10,0.8125,0.6909271183536041
2030,10,0.875,0.7019954852975924
2030,10,0.9375,0.7060480678863124
2030,10,1.0,0.6334148700841928
2030,11,0.0625,0.5656542631326845
2030,11,0.125,0.5768090116797192
2030,11,0.1875,0.560349301846315
2030,11,0.25,0.5801771016951325
2030,11,0.3125,0.5422045555458088
2030,11,0.375,0.5392234937055911
2030,11,0.4375,0.5934343568451865
2030,11,0.5,0.5796452815482638
2030,11,0.5625,0.6281924189400616
2030,11,0.625,0.6384382636205888
2030,11,0.6875,0.5644376435667644
2030,11,0.75,0.5463408990486072
2030,11,0.8125,0.5873461898004823
2030,11,0.875,0.5711776916063085
2030,11,0.9375,0.5738913608480526
2030,11,1.0,0.6354278739529153
2030,12,0.0625,0.3964468960156852
2030,12,0.125,0.4161648179919479
2030,12,0.1875,0.4081821114963483
2030,12,0.25,0.41937415255279586
2030,12,0.3125,0.4073039728159026
2030,12,0.375,0.4037426651841795
2030,12,0.4375,0.4260421144543743
2030,12,0.5,0.5579758115832338
2030,12,0.5625,0.4480085199476671
2030,12,0.625,0.4468326107919355
2030,12,0.6875,0.5547840021492905
2030,12,0.75,0.4057111432416086
2030,12,0.8125,0.565733826639333
2030,12,0.875,0.5515811472090808
2030,12,0.9375,0.55849087351972
2030,12,1.0,0.4480038793304406
2031,1,0.0625,0.27918695811259914
2031,1,0.125,0.3531260758962176
2031,1,0.1875,0.30725445444988864
2031,1,0.25,0.3550181782921927
2031,1,0.3125,0.3109508171370858
2031,1,0.375,0.29622773566694266
2031,1,0.4375,0.29776545672513066
2031,1,0.5,0.4083207183879295
2031,1,0.5625,0.308712255904432
2031,1,0.625,0.3084522222148088
2031,1,0.6875,0.3969985059352834
2031,1,0.75,0.3130030602438286
2031,1,0.8125,0.40507446255890533
2031,1,0.875,0.40643062768874993
2031,1,0.9375,0.4068377517638757
2031,1,1.0,0.3101093393105367
2031,2,0.0625,0.22634457009925157
2031,2,0.125,0.2558548766556965
2031,2,0.1875,0.22904384022219745
2031,2,0.25,0.25825215543615787
2031,2,0.3125,0.2324603413626209
2031,2,0.375,0.23548552710812526
2031,2,0.4375,0.22989190206379798
2031,2,0.5,0.2788236839070171
2031,2,0.5625,0.2446873984232205
2031,2,0.625,0.236780162251183
2031,2,0.6875,0.2806472769817392
2031,2,0.75,0.2332024283137114
2031,2,0.8125,0.31144793518836167
2031,2,0.875,0.2813733796140697
2031,2,0.9375,0.2793183309040172
2031,2,1.0,0.25790857549875257
2031,3,0.0625,0.15799270828864834
2031,3,0.125,0.17375340906738246
2031,3,0.1875,0.16644171132058388
2031,3,0.25,0.17709424042717387
2031,3,0.3125,0.155484967636378
2031,3,0.375,0.16148964891270362
2031,3,0.4375,0.19387740545892335
2031,3,0.5,0.23572193263594
2031,3,0.5625,0.20273184790417376
2031,3,0.625,0.2017156020557519
2031,3,0.6875,0.23445796327384397
2031,3,0.75,0.15873816106321026
2031,3,0.8125,0.24436427854911402
2031,3,0.875,0.23168928481619414
2031,3,0.9375,0.2374084614181616
2031,3,1.0,0.20704643439997575
2031,4,0.0625,0.24989046180762203
2031,4,0.125,0.2729241525355409
2031,4,0.1875,0.27072309786332566
2031,4,0.25,0.27459021411931445
2031,4,0.3125,0.25142138077213305
2031,4,0.375,0.24976321914639504
2031,4,0.4375,0.26234471170667206
2031,4,0.5,0.2190658676576217
2031,4,0.5625,0.28656425855354206
2031,4,0.625,0.2869847544539755
2031,4,0.6875,0.20889421494366903
2031,4,0.75,0.25353444147991777
2031,4,0.8125,0.24381771653617157
2031,4,0.875,0.24172519024215436
2031,4,0.9375,0.24773510697415368
2031,4,1.0,0.2857099262448415
2031,5,0.0625,0.5878020485894841
2031,5,0.125,0.6384707843188593
2031,5,0.1875,0.5717672236593636
2031,5,0.25,0.6416644054857469
2031,5,0.3125,0.5870623627371194
2031,5,0.375,0.5634917971261069
2031,5,0.4375,0.6117560964400541
2031,5,0.5,0.30450621023769747
2031,5,0.5625,0.6152033667760609
2031,5,0.625,0.6246206674419934
2031,5,0.6875,0.29190695172152026
2031,5,0.75,0.5878140125834461
2031,5,0.8125,0.30052857232423474
2031,5,0.875,0.29421045420527214
2031,5,0.9375,0.3071118295611774
2031,5,1.0,0.6204727605451142
2031,6,0.0625,0.6388232076338186
2031,6,0.125,0.6295722944559028
2031,6,0.1875,0.6326997009957565
2031,6,0.25,0.6283254277552889
2031,6,0.3125,0.6222252818987419
2031,6,0.375,0.6279236257194979
2031,6,0.4375,0.6502311302648236
2031,6,0.5,0.6146630783253703
2031,6,0.5625,0.6861051512646914
2031,6,0.625,0.6780757106332419
2031,6,0.6875,0.6195788665224482
2031,6,0.75,0.6216092211193044
2031,6,0.8125,0.619115150291779
2031,6,0.875,0.6211292831141613
2031,6,0.9375,0.6246157997513776
2031,6,1.0,0.6821979688769431
2031,7,0.0625,0.7627416863170515
2031,7,0.125,0.7546786613264482
2031,7,0.1875,0.7693665699057153
2031,7,0.25,0.7456028472693677
2031,7,0.3125,0.7689723438021456
2031,7,0.375,0.7703299965297792
2031,7,0.4375,0.7760690644691752
2031,7,0.5,0.6781698439911429
2031,7,0.5625,0.8089755171286024
2031,7,0.625,0.797689357489864
2031,7,0.6875,0.6861144784357323
2031,7,0.75,0.7696986653022216
2031,7,0.8125,0.6465805229853889
2031,7,0.875,0.6926673967236521
2031,7,0.9375,0.6950450048128674
2031,7,1.0,0.7966964948020717
2031,8,0.0625,0.7149203198574212
2031,8,0.125,0.6967055853498929
2031,8,0.1875,0.7059547402125201
2031,8,0.25,0.7006901144297087
2031,8,0.3125,0.7086503441961232
2031,8,0.375,0.7105842201377806
2031,8,0.4375,0.7256347166069395
2031,8,0.5,0.7209889879169519
2031,8,0.5625,0.7885841437438567
2031,8,0.625,0.7544187500116755
2031,8,0.6875,0.7263064259455094
2031,8,0.75,0.7107191001984415
2031,8,0.8125,0.7144653917427498
2031,8,0.875,0.71538368006366
2031,8,0.9375,0.7140477987197409
2031,8,1.0,0.7769471436736664
2031,9,0.0625,0.5418141061006159
2031,9,0.125,0.5531599997697465
2031,9,0.1875,0.5483672774268754
2031,9,0.25,0.5594343896374966
2031,9,0.3125,0.5279630282496066
2031,9,0.375,0.5300458158004977
2031,9,0.4375,0.5460167717882203
2031,9,0.5,0.7000556004021081
2031,9,0.5625,0.6179980888466674
2031,9,0.625,0.5764606163288476
2031,9,0.6875,0.7049865686478416
2031,9,0.75,0.5286746901133996
2031,9,0.8125,0.6896303055368928
2031,9,0.875,0.699962120654784
2031,9,0.9375,0.6965884559855948
2031,9,1.0,0.6156578409012805
2031,10,0.0625,0.5373130323982893
2031,10,0.125,0.558292047609257
2031,10,0.1875,0.5425301888540437
2031,10,0.25,0.558487874231967
2031,10,0.3125,0.5415587437930717
2031,10,0.375,0.5419847219456826
2031,10,0.4375,0.5337273571599555
2031,10,0.5,0.5704785164177038
2031,10,0.5625,0.603621109950664
2031,10,0.625,0.5626314118123983
2031,10,0.6875,0.5533002211146545
2031,10,0.75,0.5419045258082753
2031,10,0.8125,0.5824642305326813
2031,10,0.875,0.5731687452811947
2031,10,0.9375,0.5742236320853944
2031,10,1.0,0.605892947432523
2031,11,0.0625,0.47767078008618985
2031,11,0.125,0.5051793144468487
2031,11,0.1875,0.48998390211965304
2031,11,0.25,0.503053687655686
2031,11,0.3125,0.48582262449493085
2031,11,0.375,0.5378008773758761
2031,11,0.4375,0.47697178227033193
2031,11,0.5,0.5682321258815884
2031,11,0.5625,0.5227462387569698
2031,11,0.625,0.49123530618003575
2031,11,0.6875,0.5500852042919351
2031,11,0.75,0.48261132277093927
2031,11,0.8125,0.5689481619273664
2031,11,0.875,0.5641053224873891
2031,11,0.9375,0.5679702242641251
2031,11,1.0,0.5250174886906428
2031,12,0.0625,0.3820611640855801
2031,12,0.125,0.39877677190567695
2031,12,0.1875,0.39490142830821107
2031,12,0.25,0.40327890592224025
2031,12,0.3125,0.39008015974729987
2031,12,0.375,0.3951186465414798
2031,12,0.4375,0.37828798047796663
2031,12,0.5,0.4106632358220016
2031,12,0.5625,0.4184348805037113
2031,12,0.625,0.35674771337642885
2031,12,0.6875,0.4079385396387251
2031,12,0.75,0.3892090721278001
2031,12,0.8125,0.4064364868037286
2031,12,0.875,0.408261436003306
2031,12,0.9375,0.4099763564355149
2031,12,1.0,0.414019951352878
2032,1,0.0625,0.2608813480644694
2032,1,0.125,0.27346286611734894
2032,1,0.1875,0.265415338346745
2032,1,0.25,0.2736031699562706
2032,1,0.3125,0.25739454428229214
2032,1,0.375,0.27160522493132877
2032,1,0.4375,0.2571490724487691
2032,1,0.5,0.30962690881381655
2032,1,0.5625,0.29197551174691483
2032,1,0.625,0.26997163887820746
2032,1,0.6875,0.31136109868089934
2032,1,0.75,0.2575998778267644
2032,1,0.8125,0.34356189340422527
2032,1,0.875,0.3082270786940622
2032,1,0.9375,0.31194958333031847
2032,1,1.0,0.29185508917251646
2032,2,0.0625,0.18424564781266972
2032,2,0.125,0.2393951232810111
2032,2,0.1875,0.23299281121848608
2032,2,0.25,0.2425197347460193
2032,2,0.3125,0.2196908930684141
2032,2,0.375,0.1827661252926946
2032,2,0.4375,0.21629201384875224
2032,2,0.5,0.23729112992819038
2032,2,0.5625,0.22437159424739428
2032,2,0.625,0.18687937741131044
2032,2,0.6875,0.23464485264771962
2032,2,0.75,0.21931325737891538
2032,2,0.8125,0.24585040953081688
2032,2,0.875,0.2329531227451785
2032,2,0.9375,0.2364314033167636
2032,2,1.0,0.22404721066907424
2032,3,0.0625,0.1172307045161049
2032,3,0.125,0.15310375264387055
2032,3,0.1875,0.1433784809053072
2032,3,0.25,0.15405711882921985
2032,3,0.3125,0.13007807249014758
2032,3,0.375,0.12034475292233418
2032,3,0.4375,0.12041397677853008
2032,3,0.5,0.16607330813751003
2032,3,0.5625,0.17497627156784762
2032,3,0.625,0.11603337971139849
2032,3,0.6875,0.16050791025427347
2032,3,0.75,0.12916893936595508
2032,3,0.8125,0.16148899921548657
2032,3,0.875,0.160241028778076
2032,3,0.9375,0.16649517517152584
2032,3,1.0,0.1726870589099117
2032,4,0.0625,0.21352005987161143
2032,4,0.125,0.2260680681562474
2032,4,0.1875,0.21815033231913
2032,4,0.25,0.2206003924557669
2032,4,0.3125,0.20419553188815437
2032,4,0.375,0.16781566196293857
2032,4,0.4375,0.2158546298195586
2032,4,0.5,0.26078527895664483
2032,4,0.5625,0.2895981483074541
2032,4,0.625,0.23948914419302603
2032,4,0.6875,0.2494896540108028
2032,4,0.75,0.20249817432278486
2032,4,0.8125,0.26412604332036216
2032,4,0.875,0.25639796562544015
2032,4,0.9375,0.26436305551261646
2032,4,1.0,0.28200195625146174
2032,5,0.0625,0.4896199705615059
2032,5,0.125,0.479404629021409
2032,5,0.1875,0.4599436962695512
2032,5,0.25,0.4817711730643607
2032,5,0.3125,0.4610887369346038
2032,5,0.375,0.4723609304500296
2032,5,0.4375,0.4644375922591294
2032,5,0.5,0.5953506523809293
2032,5,0.5625,0.5673439328756293
2032,5,0.625,0.5222699498854858
2032,5,0.6875,0.5875608319690634
2032,5,0.75,0.4616074599615457
2032,5,0.8125,0.6278453026445592
2032,5,0.875,0.5850356699738817
2032,5,0.9375,0.5926318407913633
2032,5,1.0,0.5730278372254412
2032,6,0.0625,0.5993119590895304
2032,6,0.125,0.6018346031919224
2032,6,0.1875,0.5905805108836082
2032,6,0.25,0.6041759395556761
2032,6,0.3125,0.5938456948020965
2032,6,0.375,0.6099701062345931
2032,6,0.4375,0.5985284781200048
2032,6,0.5,0.6320172150380436
2032,6,0.5625,0.6734768800275159
2032,6,0.625,0.6338700610069652
2032,6,0.6875,0.6238512672611899
2032,6,0.75,0.5976295166903196
2032,6,0.8125,0.6232222711081479
2032,6,0.875,0.6217159578269215
2032,6,0.9375,0.6277701563837633
2032,6,1.0,0.6646541621331219
2032,7,0.0625,0.7447032944774458
2032,7,0.125,0.6871362379638803
2032,7,0.1875,0.6985536897905935
2032,7,0.25,0.68989505868099
2032,7,0.3125,0.7040758874183386
2032,7,0.375,0.7145119764776878
2032,7,0.4375,0.7191321307601554
2032,7,0.5,0.7643597465479001
2032,7,0.5625,0.8160329931630464
2032,7,0.625,0.7422898315688274
2032,7,0.6875,0.7692017445884397
2032,7,0.75,0.7051535692569476
2032,7,0.8125,0.7490460742286928
2032,7,0.875,0.7610536724381416
2032,7,0.9375,0.7570205512874367
2032,7,1.0,0.7948549708563584
2032,8,0.0625,0.6913234137990748
2032,8,0.125,0.6571138851139245
2032,8,0.1875,0.6631294563568195
2032,8,0.25,0.6590266675197194
2032,8,0.3125,0.6886947690371205
2032,8,0.375,0.6686238605052797
2032,8,0.4375,0.7009593308256961
2032,8,0.5,0.7044026922953927
2032,8,0.5625,0.7916530162146266
2032,8,0.625,0.7193240729684593
2032,8,0.6875,0.7099301291293999
2032,8,0.75,0.6804959912560234
2032,8,0.8125,0.6838621587376441
2032,8,0.875,0.7059094537047963
2032,8,0.9375,0.7067491656712037
2032,8,1.0,0.7513236581214424
2032,9,0.0625,0.5592617767946043
2032,9,0.125,0.5825895254663697
2032,9,0.1875,0.5701497141432936
2032,9,0.25,0.5847715424382048
2032,9,0.3125,0.5985768666584643
2032,9,0.375,0.6108272945586543
2032,9,0.4375,0.5906981090676275
2032,9,0.5,0.5342746404454068
2032,9,0.5625,0.6307549958801754
2032,9,0.625,0.5781084063960346
2032,9,0.6875,0.5322293023434526
2032,9,0.75,0.5993453021789227
2032,9,0.8125,0.541681112259842
2032,9,0.875,0.532210780240476
2032,9,0.9375,0.5337808550252878
2032,9,1.0,0.5840977070566304
2032,10,0.0625,0.539914995186229
2032,10,0.125,0.5486801816112228
2032,10,0.1875,0.5412433667116587
2032,10,0.25,0.5503230487325241
2032,10,0.3125,0.5498927957386446
2032,10,0.375,0.5592425450264471
2032,10,0.4375,0.5407608143879731
2032,10,0.5,0.5466452195415428
2032,10,0.5625,0.6026606558942373
2032,10,0.625,0.5375931061375259
2032,10,0.6875,0.5445726512398683
2032,10,0.75,0.5497700218385181
2032,10,0.8125,0.5456469620613329
2032,10,0.875,0.5363000417831675
2032,10,0.9375,0.546411424077995
2032,10,1.0,0.5504855308900167
2032,11,0.0625,0.5324042368990679
2032,11,0.125,0.5493861843763204
2032,11,0.1875,0.5368220618010932
2032,11,0.25,0.5520304550039261
2032,11,0.3125,0.5322768813376861
2032,11,0.375,0.5368213849836924
2032,11,0.4375,0.5385120805831737
2032,11,0.5,0.4915607052313904
2032,11,0.5625,0.6037921313931214
2032,11,0.625,0.5421129415027277
2032,11,0.6875,0.4836572712431011
2032,11,0.75,0.535730308339432
2032,11,0.8125,0.4904891008815206
2032,11,0.875,0.4817805710110548
2032,11,0.9375,0.4924790364790683
2032,11,1.0,0.5669996838454268
2032,12,0.0625,0.3745769638332892
2032,12,0.125,0.37928497713274406
2032,12,0.1875,0.37159366409915456
2032,12,0.25,0.38332349837658336
2032,12,0.3125,0.3702190296424297
2032,12,0.375,0.3788902406206321
2032,12,0.4375,0.3765089977256709
2032,12,0.5,0.3926747826752869
2032,12,0.5625,0.4522254721798753
2032,12,0.625,0.3711317033063583
2032,12,0.6875,0.39004640386165795
2032,12,0.75,0.37119177555274074
2032,12,0.8125,0.3904053423854652
2032,12,0.875,0.389578278073141
2032,12,0.9375,0.39230266511658995
2032,12,1.0,0.3936735509798058
2033,1,0.0625,0.24843763262400825
2033,1,0.125,0.2708193468727944
2033,1,0.1875,0.2604451784404049
2033,1,0.25,0.26984387009238653
2033,1,0.3125,0.2502305084504294
2033,1,0.375,0.28804540428738706
2033,1,0.4375,0.24533494078355617
2033,1,0.5,0.26187082898936104
2033,1,0.5625,0.3335446471283914
2033,1,0.625,0.2350458054799191
2033,1,0.6875,0.2602583662180076
2033,1,0.75,0.2515632378431698
2033,1,0.8125,0.26309685054753906
2033,1,0.875,0.2605852035465202
2033,1,0.9375,0.26133014185793424
2033,1,1.0,0.2835127082396594
2033,2,0.0625,0.15535117417505434
2033,2,0.125,0.17441589317602252
2033,2,0.1875,0.16909870902370147
2033,2,0.25,0.17911963678152504
2033,2,0.3125,0.1546108410526629
2033,2,0.375,0.20854717804353617
2033,2,0.4375,0.14015444923086331
2033,2,0.5,0.22949157157580033
2033,2,0.5625,0.22440853685345852
2033,2,0.625,0.1428055379101471
2033,2,0.6875,0.2207893671416996
2033,2,0.75,0.1574751252405922
2033,2,0.8125,0.22838211324232813
2033,2,0.875,0.22094928056097451
2033,2,0.9375,0.22894746982999276
2033,2,1.0,0.17735395672125986
2033,3,0.0625,0.10329057491948603
2033,3,0.125,0.13337206955180453
2033,3,0.1875,0.12452638741744605
2033,3,0.25,0.13793421108889553
2033,3,0.3125,0.12548217830625608
2033,3,0.375,0.14663315741719796
2033,3,0.4375,0.10568831723230172
2033,3,0.5,0.14113861148046658
2033,3,0.5625,0.1857623862873784
2033,3,0.625,0.10757678843666704
2033,3,0.6875,0.13080945771902974
2033,3,0.75,0.1222697588148084
2033,3,0.8125,0.13778949539500113
2033,3,0.875,0.128678285166834
2033,3,0.9375,0.1424945916174853
2033,3,1.0,0.111382114045634
2033,4,0.0625,0.16341253403896458
2033,4,0.125,0.22086541062625617
2033,4,0.1875,0.2033002337621611
2033,4,0.25,0.22845669330953813
2033,4,0.3125,0.20859849657405777
2033,4,0.375,0.24531143579360914
2033,4,0.4375,0.29669058076773563
2033,4,0.5,0.2125067598162457
2033,4,0.5625,0.3748005744915784
2033,4,0.625,0.29301805047186685
2033,4,0.6875,0.2036171554606202
2033,4,0.75,0.1861219562649499
2033,4,0.8125,0.2105967020795979
2033,4,0.875,0.20329245622896164
2033,4,0.9375,0.21122917218956413
2033,4,1.0,0.31260685520330295
2033,5,0.0625,0.459833721039416
2033,5,0.125,0.48460381436263894
2033,5,0.1875,0.45589088274460277
2033,5,0.25,0.48701521999941555
2033,5,0.3125,0.4767477293275669
2033,5,0.375,0.5769022082111319
2033,5,0.4375,0.5917652172130057
2033,5,0.5,0.46405439261677944
2033,5,0.5625,0.6750670920531721
2033,5,0.625,0.5844436183212571
2033,5,0.6875,0.4608397813739443
2033,5,0.75,0.4733638405694463
2033,5,0.8125,0.4633582035363413
2033,5,0.875,0.45785761303699624
2033,5,0.9375,0.46284956647019565
2033,5,1.0,0.6212081785073232
2033,6,0.0625,0.6292338670900796
2033,6,0.125,0.6200575553174263
2033,6,0.1875,0.6188737562537462
2033,6,0.25,0.620161239428154
2033,6,0.3125,0.6259183358027405
2033,6,0.375,0.5939088872604784
2033,6,0.4375,0.6291304974938837
2033,6,0.5,0.590493872759895
2033,6,0.5625,0.7004803836736386
2033,6,0.625,0.626246645995495
2033,6,0.6875,0.5958500987291219
2033,6,0.75,0.6268778248446301
2033,6,0.8125,0.5937365917302717
2033,6,0.875,0.5937938780140197
2033,6,0.9375,0.5879247931079843
2033,6,1.0,0.6504730854628429
2033,7,0.0625,0.7282978447971614
2033,7,0.125,0.7205379583024754
2033,7,0.1875,0.6802493097592773
2033,7,0.25,0.7039074018629676
2033,7,0.3125,0.7202245273755896
2033,7,0.375,0.767442322150378
2033,7,0.4375,0.7496840124697014
2033,7,0.5,0.6951084686704347
2033,7,0.5625,0.8498021624619924
2033,7,0.625,0.7540135631294065
2033,7,0.6875,0.707594589654601
2033,7,0.75,0.7081195475080937
2033,7,0.8125,0.6723274625679249
2033,7,0.875,0.7055326057877495
2033,7,0.9375,0.6927346739463128
2033,7,1.0,0.7803990739118547
2033,8,0.0625,0.7117081996830026
2033,8,0.125,0.6852220200060213
2033,8,0.1875,0.679646006939351
2033,8,0.25,0.6675809982238724
2033,8,0.3125,0.6682031525056227
2033,8,0.375,0.7089694042049774
2033,8,0.4375,0.7310819355692567
2033,8,0.5,0.6557490322545143
2033,8,0.5625,0.8373010691607012
2033,8,0.625,0.732278539068132
2033,8,0.6875,0.6801837133076695
2033,8,0.75,0.6630762656440199
2033,8,0.8125,0.6500213728051767
2033,8,0.875,0.6743092684867403
2033,8,0.9375,0.6554768794104745
2033,8,1.0,0.7444202107264947
2033,9,0.0625,0.6476704081197633
2033,9,0.125,0.604395623557886
2033,9,0.1875,0.6538231809431544
2033,9,0.25,0.6086123574976892
2033,9,0.3125,0.6049495812417631
2033,9,0.375,0.5173557431624454
2033,9,0.4375,0.5228609095016765
2033,9,0.5,0.5610510297245819
2033,9,0.5625,0.633788970987344
2033,9,0.625,0.521256202694393
2033,9,0.6875,0.5997338136069351
2033,9,0.75,0.6370760069510883
2033,9,0.8125,0.5770889559572824
2033,9,0.875,0.595925117968058
2033,9,0.9375,0.5651940056846148
2033,9,1.0,0.5142251736880781
2033,10,0.0625,0.5433903830688007
2033,10,0.125,0.5582682704480739
2033,10,0.1875,0.5577820151917077
2033,10,0.25,0.5563355516384692
2033,10,0.3125,0.5415742075261991
2033,10,0.375,0.54507707276917
2033,10,0.4375,0.5238894684200575
2033,10,0.5,0.5437482549681574
2033,10,0.5625,0.6311059679798664
2033,10,0.625,0.5250368342409567
2033,10,0.6875,0.5477118666645666
2033,10,0.75,0.552436867419612
2033,10,0.8125,0.5317354349695912
2033,10,0.875,0.5481149737829794
2033,10,0.9375,0.542915390541872
2033,10,1.0,0.520080242635032
2033,11,0.0625,0.5443306984855375
2033,11,0.125,0.5448124588895968
2033,11,0.1875,0.5497052367512921
2033,11,0.25,0.551963074387683
2033,11,0.3125,0.5311844287312368
2033,11,0.375,0.5386253754030502
2033,11,0.4375,0.4537241226052732
2033,11,0.5,0.5375368357718714
2033,11,0.5625,0.5610319250336799
2033,11,0.625,0.4548528445009925
2033,11,0.6875,0.5344597047463877
2033,11,0.75,0.5455515239428065
2033,11,0.8125,0.5411353662603091
2033,11,0.875,0.5345336725216375
2033,11,0.9375,0.534772596575863
2033,11,1.0,0.46752941950067956
2033,12,0.0625,0.37138149219772487
2033,12,0.125,0.3769208188880766
2033,12,0.1875,0.38394449888444304
2033,12,0.25,0.38267806536625426
2033,12,0.3125,0.37973557633709676
2033,12,0.375,0.39164589558128665
2033,12,0.4375,0.37318851961236876
2033,12,0.5,0.37133885804895106
2033,12,0.5625,0.4577357706272786
2033,12,0.625,0.3713579719090303
2033,12,0.6875,0.37205365201584834
2033,12,0.75,0.3812789127199474
2033,12,0.8125,0.37308198202801274
2033,12,0.875,0.372450753745449
2033,12,0.9375,0.37144196242816674
2033,12,1.0,0.3710342238297347
2034,1,0.0625,0.27852511015710213
2034,1,0.125,0.2602099691026367
2034,1,0.1875,0.2840065005117125
2034,1,0.25,0.26124400220630006
2034,1,0.3125,0.25144420791918465
2034,1,0.375,0.26210464668914046
2034,1,0.4375,0.24379019192979196
2034,1,0.5,0.2596610577281956
2034,1,0.5625,0.32652979474210064
2034,1,0.625,0.24044630315929125
2034,1,0.6875,0.25169352191918054
2034,1,0.75,0.28056484358237127
2034,1,0.8125,0.25704591181944364
2034,1,0.875,0.251075713503752
2034,1,0.9375,0.2591776739655822
2034,1,1.0,0.24389224064879966
2034,2,0.0625,0.21629302188385593
2034,2,0.125,0.16729801579066841
2034,2,0.1875,0.19145957991991114
2034,2,0.25,0.1721992905479608
2034,2,0.3125,0.15410961284544492
2034,2,0.375,0.22745467667094108
2034,2,0.4375,0.13764333542919324
2034,2,0.5,0.1632785902171624
2034,2,0.5625,0.21777763222487526
2034,2,0.625,0.1377025453767329
2034,2,0.6875,0.15865808218007074
2034,2,0.75,0.18098420873395854
2034,2,0.8125,0.15594403317294192
2034,2,0.875,0.15537619473887915
2034,2,0.9375,0.16477738385505358
2034,2,1.0,0.13928762066929817
2034,3,0.0625,0.1558435902314669
2034,3,0.125,0.13722527893793862
2034,3,0.1875,0.1446987045534155
2034,3,0.25,0.1375164881819695
2034,3,0.3125,0.1248287034027942
2034,3,0.375,0.13249740092039974
2034,3,0.4375,0.10707759790691736
2034,3,0.5,0.11951455005535218
2034,3,0.5625,0.176284361128721
2034,3,0.625,0.10553739004350349
2034,3,0.6875,0.11967999064215311
2034,3,0.75,0.13063742410379367
2034,3,0.8125,0.1183471306843836
2034,3,0.875,0.12052846258625476
2034,3,0.9375,0.12045750054614358
2034,3,1.0,0.10492598373574079
2034,4,0.0625,0.23977718806386195
2034,4,0.125,0.19867954315071046
2034,4,0.1875,0.23927713697817682
2034,4,0.25,0.20477020734401974
2034,4,0.3125,0.18793161126182906
2034,4,0.375,0.19555744883968132
2034,4,0.4375,0.17356533611370972
2034,4,0.5,0.21136842781659773
2034,4,0.5625,0.295014211511499
2034,4,0.625,0.16543976704645436
2034,4,0.6875,0.20080777399386404
2034,4,0.75,0.22365282854866742
2034,4,0.8125,0.18593068907044794
2034,4,0.875,0.18735297536880569
2034,4,0.9375,0.2104437133814579
2034,4,1.0,0.16847541983371006
2034,5,0.0625,0.6071859394541619
2034,5,0.125,0.4725596859614155
2034,5,0.1875,0.5175143114465196
2034,5,0.25,0.46176764748992716
2034,5,0.3125,0.46475966632339405
2034,5,0.375,0.47693745023105955
2034,5,0.4375,0.42363297565001024
2034,5,0.5,0.46649204021846735
2034,5,0.5625,0.5519133350299733
2034,5,0.625,0.4109475057581973
2034,5,0.6875,0.4808606865045776
2034,5,0.75,0.5052060313361033
2034,5,0.8125,0.4573548239847695
2034,5,0.875,0.4649366240124534
2034,5,0.9375,0.4662221086922715
2034,5,1.0,0.40921364543456196
2034,6,0.0625,0.6164619433896361
2034,6,0.125,0.6184162705790156
2034,6,0.1875,0.601036078371101
2034,6,0.25,0.6231808469591588
2034,6,0.3125,0.6174052074143119
2034,6,0.375,0.6060518931082681
2034,6,0.4375,0.607353916228071
2034,6,0.5,0.6182730205768573
2034,6,0.5625,0.7308052244579873
2034,6,0.625,0.5770653332023794
2034,6,0.6875,0.6277582980786949
2034,6,0.75,0.5978234934677007
2034,6,0.8125,0.6041694524158363
2034,6,0.875,0.6221364174559947
2034,6,0.9375,0.6204022042253693
2034,6,1.0,0.5772363364026631
2034,7,0.0625,0.7927632970358074
2034,7,0.125,0.7063090417575995
2034,7,0.1875,0.7335015691341016
2034,7,0.25,0.679667847572212
2034,7,0.3125,0.70890246165546
2034,7,0.375,0.7250093590234654
2034,7,0.4375,0.6833560712109499
2034,7,0.5,0.7006595776610695
2034,7,0.5625,0.8338606302343622
2034,7,0.625,0.6822152315182204
2034,7,0.6875,0.7110676099401976
2034,7,0.75,0.7496323554020271
2034,7,0.8125,0.6906699084362683
2034,7,0.875,0.7081889137666412
2034,7,0.9375,0.698559309960179
2034,7,1.0,0.7052612101636009
2034,8,0.0625,0.7279709188211863
2034,8,0.125,0.6640711660709578
2034,8,0.1875,0.6987667922445916
2034,8,0.25,0.6827083816556379
2034,8,0.3125,0.6791035871165156
2034,8,0.375,0.685175718451022
2034,8,0.4375,0.7042962940683466
2034,8,0.5,0.6754554020421192
2034,8,0.5625,0.8182907606008626
2034,8,0.625,0.701806946906085
2034,8,0.6875,0.6794627356462821
2034,8,0.75,0.7013392502900588
2034,8,0.8125,0.6578949771707737
2034,8,0.875,0.6556490719055839
2034,8,0.9375,0.6762969093903582
2034,8,1.0,0.7080604818819773
2034,9,0.0625,0.5079569410434657
2034,9,0.125,0.645088444814448
2034,9,0.1875,0.5621464279433971
2034,9,0.25,0.6409562008201563
2034,9,0.3125,0.6480836015124194
2034,9,0.375,0.6259432989226328
2034,9,0.4375,0.6211983347835233
2034,9,0.5,0.6141295593922538
2034,9,0.5625,0.7728585106746819
2034,9,0.625,0.6385258697243708
2034,9,0.6875,0.6132067989482055
2034,9,0.75,0.5531103790426997
2034,9,0.8125,0.6400380229208116
2034,9,0.875,0.6410813751245156
2034,9,0.9375,0.6150364267822356
2034,9,1.0,0.6344916933885396
2034,10,0.0625,0.5214279938483939
2034,10,0.125,0.5692703241114682
2034,10,0.1875,0.5565758169093313
2034,10,0.25,0.5810694869986909
2034,10,0.3125,0.5523890702710388
2034,10,0.375,0.5691137645300337
2034,10,0.4375,0.5366231952702107
2034,10,0.5,0.5437245845404647
2034,10,0.5625,0.6310386249086675
2034,10,0.625,0.5412210907030236
2034,10,0.6875,0.5638371430471206
2034,10,0.75,0.5403561695422183
2034,10,0.8125,0.5545382873372867
2034,10,0.875,0.5513463461667567
2034,10,0.9375,0.5424080768377632
2034,10,1.0,0.5466698627124613
2034,11,0.0625,0.4720358031756855
2034,11,0.125,0.5531603800100438
2034,11,0.1875,0.5411049958371082
2034,11,0.25,0.5624530666520514
2034,11,0.3125,0.5393988094031236
2034,11,0.375,0.5435824085064747
2034,11,0.4375,0.5412244238383097
2034,11,0.5,0.5365713464359336
2034,11,0.5625,0.5528624779534981
2034,11,0.625,0.5346563110013762
2034,11,0.6875,0.5458065535512258
2034,11,0.75,0.5230708924874266
2034,11,0.8125,0.5453638172372683
2034,11,0.875,0.5407815212763732
2034,11,0.9375,0.5368409130137058
2034,11,1.0,0.5355085627576415
2034,12,0.0625,0.37393799816714157
2034,12,0.125,0.38931041600557564
2034,12,0.1875,0.39428678310194804
2034,12,0.25,0.39311398807768755
2034,12,0.3125,0.38033458966206757
2034,12,0.375,0.3826282270905111
2034,12,0.4375,0.3553344913172075
2034,12,0.5,0.37061827467471276
2034,12,0.5625,0.45297880984918926
2034,12,0.625,0.35879989220564673
2034,12,0.6875,0.38333999287869724
2034,12,0.75,0.3919047544962545
2034,12,0.8125,0.37931556546094874
2034,12,0.875,0.3868623411611923
2034,12,0.9375,0.369619135902971
2034,12,1.0,0.3544205517886078
